{
  "io_errors": 877.9666666666667,
  "meanms": 11.366666666666667,
  "total_requests": 1952069.0,
  "p95ms": 25.866666666666667,
  "duration_s": 30.010333333333335,
  "p99ms": 47.36666666666667,
  "minms": 0.0,
  "p50ms": 10.1,
  "success_responses": 1951191.0333333334,
  "p75ms": 15.066666666666666,
  "maxms": 439.1,
  "p90ms": 20.466666666666665,
  "qps": 65049.49766666666,
  "stdms": 8.833333333333334
}