{
  "io_errors": 110.66666666666667,
  "meanms": 1.0,
  "total_requests": 2638247.2333333334,
  "p95ms": 4.0,
  "duration_s": 30.000333333333334,
  "p99ms": 7.033333333333333,
  "minms": 0.0,
  "p50ms": 0.0,
  "success_responses": 2638136.566666667,
  "p75ms": 1.0,
  "maxms": 69.83333333333333,
  "p90ms": 2.2,
  "qps": 87938.552,
  "stdms": 1.0
}