{
  "io_errors": 75.33333333333333,
  "meanms": 1.4,
  "total_requests": 1489591.5,
  "p95ms": 4.133333333333334,
  "duration_s": 30.0,
  "p99ms": 7.066666666666666,
  "minms": 0.0,
  "p50ms": 1.1,
  "success_responses": 1489516.1666666667,
  "p75ms": 2.0,
  "maxms": 84.66666666666667,
  "p90ms": 3.1,
  "qps": 49651.60333333334,
  "stdms": 1.0
}