{
  "io_errors": 22342.633333333335,
  "meanms": 1.0,
  "total_requests": 2883102.7,
  "p95ms": 3.0,
  "duration_s": 30.0,
  "p99ms": 6.9,
  "minms": 0.0,
  "p50ms": 0.0,
  "success_responses": 2860760.066666667,
  "p75ms": 1.0,
  "maxms": 68.76666666666667,
  "p90ms": 2.0,
  "qps": 96099.00566666666,
  "stdms": 1.0
}