{
  "io_errors": 123.36666666666666,
  "meanms": 2.0,
  "total_requests": 5251124.366666666,
  "p95ms": 7.0,
  "duration_s": 30.001666666666665,
  "p99ms": 12.633333333333333,
  "minms": 0.0,
  "p50ms": 1.0,
  "success_responses": 5251001.0,
  "p75ms": 3.0,
  "maxms": 160.5,
  "p90ms": 5.066666666666666,
  "qps": 175018.54,
  "stdms": 2.033333333333333
}