{
  "io_errors": 353.93333333333334,
  "meanms": 4.5,
  "total_requests": 4673310.0,
  "p95ms": 13.3,
  "duration_s": 30.006666666666668,
  "p99ms": 21.9,
  "minms": 0.0,
  "p50ms": 3.433333333333333,
  "success_responses": 4672956.066666666,
  "p75ms": 7.0,
  "maxms": 250.86666666666667,
  "p90ms": 10.433333333333334,
  "qps": 155743.37233333333,
  "stdms": 4.266666666666667
}