{
  "io_errors": 374.8,
  "meanms": 5.166666666666667,
  "total_requests": 2128737.8,
  "p95ms": 14.366666666666667,
  "duration_s": 30.004,
  "p99ms": 27.4,
  "minms": 0.0,
  "p50ms": 3.533333333333333,
  "success_responses": 2128363.0,
  "p75ms": 7.266666666666667,
  "maxms": 250.33333333333334,
  "p90ms": 11.433333333333334,
  "qps": 70946.19766666667,
  "stdms": 5.266666666666667
}