{
  "io_errors": 457.8333333333333,
  "meanms": 6.4,
  "total_requests": 1743136.8,
  "p95ms": 33.93333333333333,
  "duration_s": 30.000333333333334,
  "p99ms": 96.16666666666667,
  "minms": 0.0,
  "p50ms": 2.0,
  "success_responses": 1742678.9666666666,
  "p75ms": 2.933333333333333,
  "maxms": 2335.3333333333335,
  "p90ms": 4.833333333333333,
  "qps": 58102.60433333334,
  "stdms": 22.966666666666665
}