{
  "io_errors": 740.3333333333334,
  "meanms": 14.6,
  "total_requests": 1585960.0666666667,
  "p95ms": 21.333333333333332,
  "duration_s": 30.00133333333333,
  "p99ms": 34.2,
  "minms": 0.16666666666666666,
  "p50ms": 13.966666666666667,
  "success_responses": 1585219.7333333334,
  "p75ms": 14.433333333333334,
  "maxms": 2219.3333333333335,
  "p90ms": 15.433333333333334,
  "qps": 52858.170333333335,
  "stdms": 25.9
}