{
  "io_errors": 4743.8,
  "meanms": 0.0,
  "total_requests": 2783686.8333333335,
  "p95ms": 0.0,
  "duration_s": 30.000999999999998,
  "p99ms": 0.0,
  "minms": 0.0,
  "p50ms": 0.0,
  "success_responses": 2778943.033333333,
  "p75ms": 0.0,
  "maxms": 134.26666666666668,
  "p90ms": 0.0,
  "qps": 92777.023,
  "stdms": 0.0
}