{
  "io_errors": 22112.666666666668,
  "meanms": 3.966666666666667,
  "total_requests": 2844600.8,
  "p95ms": 14.0,
  "duration_s": 30.000999999999998,
  "p99ms": 23.866666666666667,
  "minms": 0.0,
  "p50ms": 2.0,
  "success_responses": 2822488.1333333333,
  "p75ms": 5.2,
  "maxms": 193.86666666666667,
  "p90ms": 10.366666666666667,
  "qps": 94810.44399999999,
  "stdms": 4.5
}