{
  "io_errors": 2344.0333333333333,
  "meanms": 0.0,
  "total_requests": 2764737.1666666665,
  "p95ms": 0.0,
  "duration_s": 30.0,
  "p99ms": 0.0,
  "minms": 0.0,
  "p50ms": 0.0,
  "success_responses": 2762393.1333333333,
  "p75ms": 0.0,
  "maxms": 95.1,
  "p90ms": 0.0,
  "qps": 92150.69233333334,
  "stdms": 0.0
}