{
  "io_errors": 182.06666666666666,
  "meanms": 2.033333333333333,
  "total_requests": 1129973.6666666667,
  "p95ms": 5.366666666666666,
  "duration_s": 30.0,
  "p99ms": 6.466666666666667,
  "minms": 0.0,
  "p50ms": 1.9666666666666666,
  "success_responses": 1129791.6,
  "p75ms": 2.6666666666666665,
  "maxms": 190.43333333333334,
  "p90ms": 4.466666666666667,
  "qps": 37665.426666666666,
  "stdms": 1.5333333333333334
}