{
  "io_errors": 7057.4,
  "meanms": 12.8,
  "total_requests": 988160.4333333333,
  "p95ms": 49.93333333333333,
  "duration_s": 30.0,
  "p99ms": 186.4,
  "minms": 0.0,
  "p50ms": 3.0,
  "success_responses": 981103.0333333333,
  "p75ms": 3.6666666666666665,
  "maxms": 2992.3333333333335,
  "p90ms": 33.63333333333333,
  "qps": 32936.57,
  "stdms": 46.166666666666664
}