{
  "io_errors": 77.6,
  "meanms": 1.0,
  "total_requests": 1899078.5,
  "p95ms": 2.066666666666667,
  "duration_s": 30.0,
  "p99ms": 3.6666666666666665,
  "minms": 0.0,
  "p50ms": 1.0,
  "success_responses": 1899000.9,
  "p75ms": 1.9,
  "maxms": 187.93333333333334,
  "p90ms": 2.0,
  "qps": 63300.950333333334,
  "stdms": 0.36666666666666664
}