{
  "io_errors": 21620.0,
  "meanms": 8.233333333333333,
  "total_requests": 2770539.2666666666,
  "p95ms": 28.1,
  "duration_s": 30.005333333333336,
  "p99ms": 46.766666666666666,
  "minms": 0.0,
  "p50ms": 5.166666666666667,
  "success_responses": 2748919.2666666666,
  "p75ms": 11.433333333333334,
  "maxms": 326.9,
  "p90ms": 20.066666666666666,
  "qps": 92331.50666666667,
  "stdms": 9.433333333333334
}