{
  "io_errors": 543.5666666666667,
  "meanms": 0.0,
  "total_requests": 2694172.1666666665,
  "p95ms": 0.0,
  "duration_s": 30.0,
  "p99ms": 0.0,
  "minms": 0.0,
  "p50ms": 0.0,
  "success_responses": 2693628.6,
  "p75ms": 0.0,
  "maxms": 41.166666666666664,
  "p90ms": 0.0,
  "qps": 89803.25666666667,
  "stdms": 0.0
}