{
  "io_errors": 363.7,
  "meanms": 6.733333333333333,
  "total_requests": 1704913.1666666667,
  "p95ms": 8.866666666666667,
  "duration_s": 30.0,
  "p99ms": 14.933333333333334,
  "minms": 0.0,
  "p50ms": 6.533333333333333,
  "success_responses": 1704549.4666666666,
  "p75ms": 7.066666666666666,
  "maxms": 1360.6666666666667,
  "p90ms": 7.666666666666667,
  "qps": 56826.82233333333,
  "stdms": 10.5
}