{
  "io_errors": 94.36666666666666,
  "meanms": 0.9666666666666667,
  "total_requests": 2451932.533333333,
  "p95ms": 2.0,
  "duration_s": 30.0,
  "p99ms": 3.966666666666667,
  "minms": 0.0,
  "p50ms": 0.4666666666666667,
  "success_responses": 2451838.1666666665,
  "p75ms": 1.5666666666666667,
  "maxms": 329.2,
  "p90ms": 2.0,
  "qps": 81730.047,
  "stdms": 1.0
}