{
  "io_errors": 712.8666666666667,
  "meanms": 20.033333333333335,
  "total_requests": 1170136.2,
  "p95ms": 66.16666666666667,
  "duration_s": 30.005333333333333,
  "p99ms": 146.66666666666666,
  "minms": 0.0,
  "p50ms": 10.0,
  "success_responses": 1169423.3333333333,
  "p75ms": 19.9,
  "maxms": 2784.6666666666665,
  "p90ms": 53.8,
  "qps": 38996.025,
  "stdms": 31.1
}