{
  "io_errors": 1310.4333333333334,
  "meanms": 9.433333333333334,
  "total_requests": 958840.4333333333,
  "p95ms": 35.53333333333333,
  "duration_s": 30.0,
  "p99ms": 101.1,
  "minms": 0.0,
  "p50ms": 3.933333333333333,
  "success_responses": 957530.0,
  "p75ms": 4.733333333333333,
  "maxms": 2453.0,
  "p90ms": 22.833333333333332,
  "qps": 31960.160333333337,
  "stdms": 27.933333333333334
}