{
  "io_errors": 1114.6333333333334,
  "meanms": 15.566666666666666,
  "total_requests": 1458428.4333333333,
  "p95ms": 77.0,
  "duration_s": 30.000333333333334,
  "p99ms": 219.93333333333334,
  "minms": 0.0,
  "p50ms": 2.2,
  "success_responses": 1457313.8,
  "p75ms": 4.0,
  "maxms": 3111.6666666666665,
  "p90ms": 37.333333333333336,
  "qps": 48610.66333333333,
  "stdms": 56.36666666666667
}