{
  "io_errors": 37.46666666666667,
  "meanms": 0.0,
  "total_requests": 5879668.033333333,
  "p95ms": 1.0333333333333334,
  "duration_s": 30.000666666666667,
  "p99ms": 4.0,
  "minms": 0.0,
  "p50ms": 0.0,
  "success_responses": 5879630.566666666,
  "p75ms": 0.0,
  "maxms": 62.43333333333333,
  "p90ms": 1.0,
  "qps": 195980.717,
  "stdms": 0.03333333333333333
}