{
  "io_errors": 345.6333333333333,
  "meanms": 8.833333333333334,
  "total_requests": 1269422.0,
  "p95ms": 41.833333333333336,
  "duration_s": 30.002,
  "p99ms": 55.733333333333334,
  "minms": 0.0,
  "p50ms": 5.333333333333333,
  "success_responses": 1269076.3666666667,
  "p75ms": 8.566666666666666,
  "maxms": 1177.8666666666666,
  "p90ms": 16.933333333333334,
  "qps": 42309.76166666667,
  "stdms": 13.466666666666667
}